album_id,title,artist_id
1,Album_z3IRrvK7,458
2,Album_3CcFYO5c,176
3,Album_LjRyQALL,442
4,Album_4m04OjYR,44
5,Album_OR3bdM29,497
6,Album_hsmnGkZj,220
7,Album_ySPWdn2y,290
8,Album_o9OBUXPJ,103
9,Album_IRYNsY16,143
10,Album_EjHuarpE,285
11,Album_4oK1onEC,115
12,Album_4na01zuu,297
13,Album_gfNJ0gCX,400
14,Album_O85anfnR,472
15,Album_vzE86uC2,119
16,Album_mbDurpn0,259
17,Album_czYB1BeT,315
18,Album_jf0jManv,239
19,Album_qvua6pUZ,401
20,Album_S4GAjP64,22
21,Album_v0TlpS66,473
22,Album_BhHOWHXT,192
23,Album_N6cPQrmS,304
24,Album_caGRLIzw,217
25,Album_tsuakqiA,340
26,Album_4L1bhonl,147
27,Album_ZhKiKwgd,203
28,Album_PV119Mxr,36
29,Album_4k1QZvoK,303
30,Album_9G6ECI7m,256
31,Album_WEOCNymw,252
32,Album_2wKawnKq,119
33,Album_aD1CHhLA,493
34,Album_zUBNDezv,322
35,Album_AqSkSV9w,211
36,Album_oXBjB5Vn,323
37,Album_ynahm82d,452
38,Album_PS4r7A4R,223
39,Album_LBAiydJ0,212
40,Album_qpllM8dp,243
41,Album_ABATsbr4,499
42,Album_IM0h9Krc,439
43,Album_X3mfd3cm,225
44,Album_hAiIMjL1,148
45,Album_X2TDbGdE,143
46,Album_nv4RgYFn,253
47,Album_2siMkEyo,75
48,Album_VDPMw6YI,342
49,Album_v5tQY0zd,13
50,Album_jh4f416z,359
51,Album_xoVoGAL4,21
52,Album_dSS5u6YF,127
53,Album_r5yaIKd2,21
54,Album_ECwpU1i9,349
55,Album_NUyXwOZc,237
56,Album_eCScvci3,301
57,Album_3Lauu3fQ,111
58,Album_mZOc8iIA,439
59,Album_6MwXuyjP,345
60,Album_eNR5Q2by,175
61,Album_QmU2eYel,472
62,Album_xiCcT1Ct,249
63,Album_aGH79bfP,23
64,Album_sMR2Ftwa,500
65,Album_HCetxiFt,173
66,Album_UUhnQhTo,169
67,Album_wP0AIbCZ,252
68,Album_po8oN6Hu,70
69,Album_A4ZU3ti5,445
70,Album_JZPR037G,184
71,Album_7U81BOBj,458
72,Album_7W3ZDpV5,225
73,Album_Ds2DOUHw,316
74,Album_MVACNFX5,219
75,Album_HilyjTkK,326
76,Album_aYz7xs4B,101
77,Album_9UKi9Rc0,40
78,Album_UOjQw1mB,476
79,Album_V1mdiS6u,151
80,Album_bsyCTUQj,462
81,Album_MgzdjCs7,89
82,Album_uDEQuNLO,47
83,Album_KEgKX1nG,449
84,Album_2gtjRr7j,52
85,Album_b7DEYdnP,449
86,Album_cHPJg6g1,42
87,Album_vurZZVgu,456
88,Album_ZtjqYg73,145
89,Album_OVG1gqiY,281
90,Album_qqGEtJUd,16
91,Album_C9yFZrdK,76
92,Album_GFUhcRRl,13
93,Album_IiMIS8uY,356
94,Album_SQkUR0zy,131
95,Album_Z2Z4AA4Y,178
96,Album_VKVtzJ72,384
97,Album_dtoklm1r,400
98,Album_CBZ41RWL,145
99,Album_BPpkteT4,282
100,Album_3VJWrmi2,79
101,Album_54R4fKpS,182
102,Album_dgLxFCaF,105
103,Album_4d6CDdBn,411
104,Album_nxBJBnpx,400
105,Album_GkE2nUlY,150
106,Album_1TFexs5L,150
107,Album_yId3p8cM,468
108,Album_8fMzSoY8,468
109,Album_IBvHFRTD,351
110,Album_l0EldqNg,323
111,Album_XgqDLfhh,110
112,Album_DXHFdvNU,20
113,Album_LM90zZr2,137
114,Album_ckRretgT,58
115,Album_9ZopDAId,278
116,Album_blM8pCyY,195
117,Album_pSF4s1he,142
118,Album_uvROEY6N,442
119,Album_cQqnD3z5,383
120,Album_8I5qLdI5,279
121,Album_TfScJP93,77
122,Album_gqh1aDJU,202
123,Album_lWcd8Neq,228
124,Album_MUP30ZUU,114
125,Album_kbojBDlS,215
126,Album_26I0a4tV,205
127,Album_lwHdT9ab,420
128,Album_RkktqztP,244
129,Album_99iFNCjB,249
130,Album_M13dNrL7,409
131,Album_c7TyxWNy,176
132,Album_IMuadOOL,299
133,Album_6eTbQAiI,421
134,Album_OcrG9vbb,303
135,Album_YHO1aEkx,9
136,Album_umXHii8A,124
137,Album_RMFYM4Og,1
138,Album_OXh4ZGAH,361
139,Album_MEfLdFKm,228
140,Album_uIqnfc8Q,6
141,Album_Zqpnd9AI,403
142,Album_VSR07SZ7,16
143,Album_DyrlPmFf,12
144,Album_QFOxdgyG,299
145,Album_nZBRzGIM,330
146,Album_aQc3pSr5,414
147,Album_7E4IcltK,354
148,Album_ZMIuYOch,330
149,Album_85jpIKMs,61
150,Album_sERx7CAw,15
151,Album_F7SpKvbS,452
152,Album_FmNFgCP3,467
153,Album_lCuivgmx,364
154,Album_1RIc87Zk,155
155,Album_FSMZLKpo,384
156,Album_PLeLhueE,52
157,Album_4qVVUl14,292
158,Album_f3C90Mb1,266
159,Album_O5HiDCPQ,427
160,Album_HAMQwlCh,452
161,Album_AEbFoFou,493
162,Album_Ryuu2G0b,19
163,Album_SfUNM287,40
164,Album_M0fyHDNt,116
165,Album_sL9I4Gf1,38
166,Album_S5Jh6oqS,211
167,Album_L92Bo78R,261
168,Album_eSAVZUQc,375
169,Album_9I1zG60x,106
170,Album_rbZdx8bQ,340
171,Album_S7bVQV8F,396
172,Album_JtsCQ2Y8,481
173,Album_qrJn5xdn,107
174,Album_sJy8jvme,161
175,Album_giRlxc2J,228
176,Album_47w83mjw,207
177,Album_Q2dGNLWZ,205
178,Album_XctEAy34,213
179,Album_vQHSnMKd,438
180,Album_Amn4Yagw,267
181,Album_cpmZ8jYs,129
182,Album_EhC4P6Iy,67
183,Album_MttEfe2p,59
184,Album_XMcFheCk,441
185,Album_hEoWaIjD,168
186,Album_lpXgrTxO,282
187,Album_bYXqy8Ju,215
188,Album_QilGcPhB,476
189,Album_JN2Qy4tu,1
190,Album_HIX2as4c,72
191,Album_3OxN5Wxy,19
192,Album_iOC3NEek,77
193,Album_40KnyAzk,465
194,Album_mDofahld,203
195,Album_v0JTYEZz,231
196,Album_QhRTfR6P,80
197,Album_GjGTnxT7,101
198,Album_edrHLb9Z,20
199,Album_omjhJjmd,181
200,Album_d1ZkUxpT,436
201,Album_WZhTSKGC,373
202,Album_BhGmlQ9h,79
203,Album_1Eg8NQoD,98
204,Album_B5vzAK62,402
205,Album_Gy5IKcEd,195
206,Album_1nhoujnX,120
207,Album_W84hLXzh,345
208,Album_VTcQJj2u,52
209,Album_13bWXUGh,354
210,Album_oiq8MAyp,500
211,Album_j9ewZBPF,51
212,Album_YYoXFPxW,319
213,Album_kUxwPtqs,305
214,Album_Gpb3UpdS,255
215,Album_a7KOnvbF,460
216,Album_DlItzN3O,350
217,Album_Cg82iavt,179
218,Album_cnUSIpcl,268
219,Album_00dNGAjb,452
220,Album_Nm7nZeTl,493
221,Album_SBOOOxAV,22
222,Album_m0H1KJTd,64
223,Album_PaezVFfs,282
224,Album_vclN02Mg,250
225,Album_4W6Rm55Y,130
226,Album_nkWY64wT,214
227,Album_w4j4pbDR,368
228,Album_1eqRgyAo,49
229,Album_2IOzNlVu,459
230,Album_Lx5vwYRW,87
231,Album_RSe48LYx,309
232,Album_2Uz9ycXs,353
233,Album_ULNb8jkP,146
234,Album_IwKxNUxd,457
235,Album_5EGi4Ow4,19
236,Album_xCtVyqEe,430
237,Album_LEvgpHxQ,116
238,Album_KQDcIYfG,483
239,Album_l0qnnJKW,324
240,Album_ZGhmew0V,442
241,Album_GnchVivd,126
242,Album_OwFZVEyi,365
243,Album_RRZ04ieS,471
244,Album_02s0kjZ1,77
245,Album_mWHIltCC,19
246,Album_cBZ7zGdx,408
247,Album_qdGo4g5a,345
248,Album_74tJIOc1,105
249,Album_eQL1wvbA,66
250,Album_8YKfY2vv,269
251,Album_DE9SP85n,295
252,Album_KHPeE0QB,354
253,Album_s0VJGBZ4,166
254,Album_EMBKWwmN,4
255,Album_HluomKV8,26
256,Album_7Q3bczCt,66
257,Album_ctiXkpO6,400
258,Album_JdlyYC5v,439
259,Album_wM0Ov8q0,34
260,Album_Z2WNfEL9,88
261,Album_2S2chyvQ,141
262,Album_oMZfGWdJ,391
263,Album_vT4MNANo,72
264,Album_9IgdBlho,495
265,Album_qgfRH1Mw,234
266,Album_1sp8Od6r,423
267,Album_lPjPERr6,405
268,Album_MOLP4slU,113
269,Album_IB76u7UA,335
270,Album_AjrlPZJt,204
271,Album_Fu45v1q1,425
272,Album_3ovvPIZW,10
273,Album_ZaymykeK,443
274,Album_lc2Bc7rT,57
275,Album_3LBlnWK5,44
276,Album_sHW8E19V,401
277,Album_0giyARvT,201
278,Album_JFFHyLCx,335
279,Album_0bMNgtNa,420
280,Album_TnK0sXR0,335
281,Album_WRQ6lrZf,461
282,Album_0VUN4nkD,399
283,Album_6haXGI4B,453
284,Album_0g751s2C,499
285,Album_CfY8kNwL,189
286,Album_aNQmYxu3,130
287,Album_U7hcPvI4,253
288,Album_yBgqrlNX,311
289,Album_vdplJfrW,469
290,Album_aJ6eE3c0,485
291,Album_lZM7SONF,430
292,Album_OSXJW1aV,140
293,Album_amGA7Nut,247
294,Album_ySJaAFyt,310
295,Album_g49XoxDk,204
296,Album_nyAYcSEG,39
297,Album_O0Sbg2Kh,174
298,Album_vtf3zwu5,448
299,Album_iuPyWNui,84
300,Album_w4qktNEz,75
301,Album_tcKbPU2c,94
302,Album_KVnXG3xI,90
303,Album_YAx4XiPq,133
304,Album_IrxTYcsL,189
305,Album_vFaDSBZJ,242
306,Album_GB4HZ8WZ,215
307,Album_kucev8jK,459
308,Album_6dc6WgLU,404
309,Album_t6n4Qj92,25
310,Album_8b9sgFqI,5
311,Album_ceYual1s,141
312,Album_rfj6idnB,253
313,Album_ObrgoHCm,393
314,Album_lRtDQMJQ,91
315,Album_A6Qxtlpi,322
316,Album_XNfxJXML,55
317,Album_b4gq7vyC,211
318,Album_KHTJlgfl,227
319,Album_zk49pN1a,45
320,Album_HzzHTEXe,143
321,Album_3tYNWBRa,161
322,Album_UlaZenhA,87
323,Album_4wQDlvyx,253
324,Album_7hCljMAE,330
325,Album_hqkqT2nN,350
326,Album_dDNMxVU6,269
327,Album_jujCRhEp,304
328,Album_5bNcWEZH,442
329,Album_ub5pzhpa,352
330,Album_ZiPW9yhj,146
331,Album_SWo7oJki,241
332,Album_3eUE15k2,209
333,Album_ZQlxXfJP,168
334,Album_Rj5PmeL2,240
335,Album_MbmiyV2a,486
336,Album_0M2GKlBu,292
337,Album_hTinjYxV,302
338,Album_DWIqmcQg,139
339,Album_uZOKDUNk,74
340,Album_jKUlQwRV,94
341,Album_HVO0twxV,149
342,Album_VUvrBgTN,486
343,Album_txcL8sZe,236
344,Album_lCPhbRXa,69
345,Album_LCZLblPt,345
346,Album_i7I6EWyo,142
347,Album_l9YLIGal,12
348,Album_MV2roQ1i,332
349,Album_MvrIC765,60
350,Album_0tOWpB4O,333
351,Album_KiAc5reo,464
352,Album_wtpVNT5y,333
353,Album_ibyIzXEd,78
354,Album_JFI9cWlZ,267
355,Album_BVQfZeES,93
356,Album_lSCJ7yfM,462
357,Album_3bjlr3gh,224
358,Album_iHqf1sgs,447
359,Album_d6H9CZOO,352
360,Album_WcRPrTzR,164
361,Album_szHLhAIj,391
362,Album_7ZkLjSjA,276
363,Album_27ioq3DC,74
364,Album_2EM5dwEp,224
365,Album_j2zxRUu1,412
366,Album_VDvjxVs4,151
367,Album_JNAUSLOs,46
368,Album_P0gXVNpw,377
369,Album_rAZqrfxH,261
370,Album_QGWl2Y4H,78
371,Album_OwcEqFck,268
372,Album_05VyeLQU,362
373,Album_abuhH1FB,351
374,Album_pg6W66Xz,255
375,Album_2WYy0D29,250
376,Album_BJ0ktrbe,470
377,Album_4X4AipY6,402
378,Album_8E7075s3,443
379,Album_0scPvTbb,412
380,Album_72kAvPsm,305
381,Album_wmGXTEQX,301
382,Album_jDRnjyZN,403
383,Album_ExAo4LkC,196
384,Album_cQCAVU7i,476
385,Album_joTdAR41,267
386,Album_vBRNvOZz,480
387,Album_z1iDBtsS,284
388,Album_kSYcShj3,364
389,Album_ZLGyfs2y,282
390,Album_8RMU9Bcf,75
391,Album_QINKGdgw,428
392,Album_KYhKtZNl,499
393,Album_bpUj0zAD,473
394,Album_7TilYYrf,309
395,Album_XFDHvRSk,468
396,Album_cC450D42,357
397,Album_cjIYPDY1,327
398,Album_rvViCc0r,61
399,Album_97ki2lQr,124
400,Album_Kcp2sRcA,453
401,Album_UtwU2Q4T,279
402,Album_3wUWZBVf,214
403,Album_EMEwsUqm,83
404,Album_yWQU76Yq,378
405,Album_qX24Nfq5,499
406,Album_47ZOWEN3,375
407,Album_9TjGm8Uo,202
408,Album_T7VDi7tv,482
409,Album_MPs0d1ns,333
410,Album_uHLguRSu,126
411,Album_sr5g840v,193
412,Album_9Y0dlfqE,372
413,Album_O7XwT52I,113
414,Album_ff9KZMSI,494
415,Album_FKlaz3Fb,255
416,Album_YwSaHsPR,233
417,Album_igWsUfoN,466
418,Album_jZ5S5gOc,492
419,Album_KViiSF5U,434
420,Album_rza4q6oq,45
421,Album_TdQA9nt2,265
422,Album_YWmVoaI7,395
423,Album_94nOliCn,214
424,Album_Ll9rm6Vz,301
425,Album_lAu0mm7w,317
426,Album_HLxy1epR,243
427,Album_N3HXcRY5,38
428,Album_1Uzrc2XA,122
429,Album_KCIgSluy,153
430,Album_ORnscKQk,388
431,Album_hQtwNmly,109
432,Album_xpg7QyMk,130
433,Album_pLxd5g0f,317
434,Album_m85Q8Wuk,51
435,Album_XCReLF29,19
436,Album_i4gruW7d,160
437,Album_Rpffdh9f,166
438,Album_VY1vdDta,464
439,Album_ZyWB4dJJ,51
440,Album_0PwA93dr,31
441,Album_yQM7xRlZ,416
442,Album_oobuxjeU,264
443,Album_aiMzuCeM,287
444,Album_u7SvNDxU,345
445,Album_VYhCYiMf,490
446,Album_nUbl77BM,176
447,Album_C02USVNu,218
448,Album_A8YCqJUk,396
449,Album_lAEMw4Sd,61
450,Album_fQwewKM4,140
451,Album_Yy9w3Ijq,414
452,Album_oYekYtpV,19
453,Album_23ou3BVU,222
454,Album_KELF69If,401
455,Album_fdWKWXp7,320
456,Album_eqx5ghcg,69
457,Album_SaNwmJV6,167
458,Album_jlqb5rv7,378
459,Album_V6WIsl67,435
460,Album_Z8NEPuRZ,256
461,Album_isa0GRNs,362
462,Album_qptlXaps,1
463,Album_bDSmR72C,400
464,Album_dfeRCiy8,195
465,Album_bs2TJ2Jz,471
466,Album_k7QD2uE2,96
467,Album_76depQ3Y,66
468,Album_WvHktnnp,394
469,Album_spz0vrNN,67
470,Album_0J53iOeE,389
471,Album_PsM4D5Ii,19
472,Album_RV68ykkD,480
473,Album_yMs7VJMZ,497
474,Album_7LZMiUEn,60
475,Album_LiJZkTOK,442
476,Album_xC32qicT,271
477,Album_kSRsyatl,205
478,Album_XNiMZ2Ds,213
479,Album_PNu2xcL0,387
480,Album_VqZ1YYkW,466
481,Album_us4VH2MY,232
482,Album_DWduBTH8,232
483,Album_bwEeZZKo,303
484,Album_htLacoTU,163
485,Album_hYODIklm,431
486,Album_ub1WpKz0,115
487,Album_ocR6nwvX,439
488,Album_VwMhT9K4,422
489,Album_ZB34BUdH,164
490,Album_DbpJBTWS,302
491,Album_PtNBtHkR,32
492,Album_hvzpv7Yt,290
493,Album_lCg0ccKD,62
494,Album_zFx3MNIe,480
495,Album_l8dVbMLi,301
496,Album_IYQJTHdz,239
497,Album_y8P3onCY,253
498,Album_ckP0YSZN,95
499,Album_tYh6PMVG,98
500,Album_mMLlAekJ,130
501,Album_nMYacxAW,401
502,Album_o2bBqR1u,413
503,Album_q1BubuLF,342
504,Album_BHGpCH5M,263
505,Album_jdxC8OOq,280
506,Album_L20D7XOT,88
507,Album_P9Fiu9aO,462
508,Album_oHFgnbPF,288
509,Album_qbtmTa25,319
510,Album_MxfLnXH1,212
511,Album_3XiMciAg,302
512,Album_1NScglHK,463
513,Album_R14tdwdC,265
514,Album_gtUrBwHU,401
515,Album_NpFbj2lC,24
516,Album_2RuZtl3n,481
517,Album_nRDUwIMe,71
518,Album_x0MKcli5,230
519,Album_js6yHV6U,198
520,Album_Wv1EU4CI,157
521,Album_NzeFET0i,428
522,Album_34ASKanP,483
523,Album_iSIcpmQZ,3
524,Album_SILDzfiF,381
525,Album_cTBBzL0c,284
526,Album_NEiVz8CQ,84
527,Album_Z3WE6dkU,251
528,Album_fc5gIE7m,498
529,Album_S9rE0ze7,168
530,Album_lkX3vYmH,425
531,Album_HPOXq8xf,489
532,Album_iVBctQNA,115
533,Album_KKrrRvwo,428
534,Album_DJl2lb2B,268
535,Album_ji0hBaDu,293
536,Album_YL5G1vIV,157
537,Album_2ZviprUq,192
538,Album_ejqAStbl,483
539,Album_owbXqjNj,360
540,Album_jGpYSHUG,13
541,Album_leWqWdc4,79
542,Album_EzyhOPMC,240
543,Album_JPdkFEdO,460
544,Album_1MF1oCzX,370
545,Album_45sggLCj,91
546,Album_N9CQtWEL,95
547,Album_K68pd8h4,156
548,Album_HTOXon8v,466
549,Album_Dqe32bzi,325
550,Album_IUVmKPrO,419
551,Album_5ERgLRLM,460
552,Album_PbjQgr2u,276
553,Album_FZ6qfwV5,405
554,Album_AOUpbsxC,445
555,Album_SHkqXdAm,482
556,Album_IpUSTqgm,211
557,Album_G25Cfg1I,232
558,Album_kPhQ53uo,154
559,Album_zIQnGlAd,370
560,Album_JmgD7bnh,408
561,Album_NPCsjrJe,416
562,Album_JG5IjYf8,189
563,Album_ykDmR29V,453
564,Album_AWnjZmjJ,87
565,Album_i0rKUzTI,30
566,Album_e1h8mcLe,492
567,Album_zLf3rCaa,85
568,Album_bSBI70VD,179
569,Album_qkfzRV9i,58
570,Album_uS0yk451,491
571,Album_lhEdUkp5,320
572,Album_dTUqUNzw,468
573,Album_v9EneQuu,77
574,Album_PpMGxlA0,286
575,Album_o6Vv7VBW,218
576,Album_gqyFC6fT,374
577,Album_rsqMnesp,314
578,Album_U41teloh,162
579,Album_oyZIB5ae,79
580,Album_JZIZvvzY,182
581,Album_lNt6R9Fm,300
582,Album_2v20Uqmk,462
583,Album_heZcGi7c,419
584,Album_knewO1OQ,203
585,Album_XDvVIDYc,111
586,Album_vb6G3MY6,280
587,Album_zqg1L6QF,358
588,Album_Bqj2nMBG,447
589,Album_8SU6tQsN,260
590,Album_afUQtVpl,72
591,Album_ivopi3Lc,202
592,Album_hlFPVu7B,103
593,Album_YQXvFCT9,105
594,Album_g3UpPNdj,197
595,Album_tznDfaGl,325
596,Album_EoZNeWFC,201
597,Album_2mQ9nhHi,290
598,Album_biWht61E,369
599,Album_TtzaREqp,91
600,Album_tb8c7o7U,34
601,Album_ActyKiDH,397
602,Album_r2A208N5,489
603,Album_RTmAhkta,444
604,Album_8jI9m0G3,55
605,Album_9jqBt6tO,80
606,Album_5rpvxzkf,337
607,Album_zkeDUl0H,366
608,Album_Roh51Sdq,376
609,Album_KgVy3oEZ,284
610,Album_fxoLttl9,458
611,Album_zpfVIhXm,385
612,Album_zFoD2IoM,380
613,Album_1PluJaD7,339
614,Album_pjdMXBMv,136
615,Album_mIsBPVNG,420
616,Album_UZtYWh66,31
617,Album_DBZPto9H,351
618,Album_upYXvqHq,418
619,Album_3HliITdw,482
620,Album_tp05l8qK,183
621,Album_B0Spk3kV,402
622,Album_zazGPmDh,451
623,Album_f4ACv4UT,186
624,Album_ysd8Grgq,179
625,Album_EAaAjpoY,449
626,Album_5mCAs3VO,313
627,Album_VBfXlrct,276
628,Album_9o8gZzt1,86
629,Album_kAHbEnyE,218
630,Album_nqgM2TPr,60
631,Album_78Ue8lQb,290
632,Album_zx6LYPlA,463
633,Album_nZRLooha,177
634,Album_WSGURAoM,492
635,Album_l6UGyd2N,32
636,Album_0iTgXlgX,223
637,Album_FN8e37s5,1
638,Album_IBat9kCA,284
639,Album_9Ruv93FJ,352
640,Album_chKoH5nA,348
641,Album_ZOd46L8N,219
642,Album_haobtRG1,180
643,Album_ZORyZokC,282
644,Album_4K4LqqzZ,296
645,Album_3aEOriAK,196
646,Album_9VEoQ9s8,226
647,Album_BfjNwtA9,171
648,Album_5KVBnG7K,463
649,Album_M8wEyfZe,54
650,Album_uICakiys,85
651,Album_72O9e69c,244
652,Album_mavBnDOF,436
653,Album_gs7RAqj4,345
654,Album_9ySc0YMI,363
655,Album_0G1Qw0LX,141
656,Album_xK86X6gT,460
657,Album_7vGR9qFH,366
658,Album_A047QbME,63
659,Album_RaokERKd,446
660,Album_HCXsBh8s,13
661,Album_CSoLeFHb,270
662,Album_Mg6v14hI,389
663,Album_IEhhyZB6,53
664,Album_occGyprd,489
665,Album_kxRBTMUv,212
666,Album_P79KKA2s,12
667,Album_XqnuvduV,227
668,Album_8HVc5K4Q,38
669,Album_LvPfyDpB,285
670,Album_RxXKwk3R,174
671,Album_IMQiu2kO,311
672,Album_u5GAPJ4q,465
673,Album_fD5er2Lp,150
674,Album_779WUQVl,420
675,Album_YXOhSllo,309
676,Album_Eaii6igH,37
677,Album_2uV6kSP0,182
678,Album_fSYERMtn,387
679,Album_JnvFn63Z,101
680,Album_vwX8OglD,375
681,Album_ftGWlFEv,12
682,Album_uXDzxgjR,85
683,Album_pWrRe062,445
684,Album_tNqpOjXg,436
685,Album_sxzYbojT,221
686,Album_b4vV2aAX,78
687,Album_1uj2xH9Q,473
688,Album_KYHc9p07,424
689,Album_yuCdU9CV,181
690,Album_vK93Tr2W,259
691,Album_KLHjwi4d,101
692,Album_XDR4NwWS,340
693,Album_VmA2gts8,154
694,Album_2xAR1hiV,302
695,Album_c0Fi2bw3,310
696,Album_ngRiDvOx,410
697,Album_ZHHrlEpz,486
698,Album_IsJgg62M,173
699,Album_Htaa2g9d,362
700,Album_3Ilxbo75,370
701,Album_yE0llF48,64
702,Album_1SSK82Sg,264
703,Album_gcQv5NIM,76
704,Album_bJSEJmt1,285
705,Album_xCqP2gyD,184
706,Album_QPygXBne,44
707,Album_wgLAOgWx,375
708,Album_VAoMZmKO,308
709,Album_Px0Iscpu,397
710,Album_XTF6l7Lh,467
711,Album_xJqh44OX,317
712,Album_EcHAL8Eu,185
713,Album_Xld5p60K,64
714,Album_arHJ4MaU,305
715,Album_GI0d1z92,203
716,Album_E2E1MW6N,365
717,Album_iZpeZEIn,116
718,Album_wiLWHoEE,99
719,Album_ZtGlQsGB,89
720,Album_OnxAqiBP,399
721,Album_jyXMDbLK,137
722,Album_ZEoMiBK9,214
723,Album_xO1z9S4r,279
724,Album_CDHOZCR4,405
725,Album_SrpqrG5g,357
726,Album_13UWa0rh,177
727,Album_2T9kqmuQ,316
728,Album_2FGglG25,482
729,Album_gdzv0tBU,106
730,Album_yfWrJdU6,337
731,Album_pQNI3bdL,94
732,Album_Fnio08iP,452
733,Album_jHiTt8Hf,397
734,Album_sXkVXy4C,497
735,Album_nOnNcotY,48
736,Album_hcBvHKo8,27
737,Album_DOIYFldw,352
738,Album_4G8h5wZn,152
739,Album_LBwcQcNa,262
740,Album_M6ypNWnL,4
741,Album_sIq6FcX5,293
742,Album_94AwUcah,152
743,Album_CYNjTSNI,83
744,Album_xLLFlRqw,27
745,Album_qqMVE6no,443
746,Album_GjTSKm2Q,244
747,Album_GeTALD5o,496
748,Album_frDg6Iad,33
749,Album_SIWvbXLi,395
750,Album_FGYSEUoN,164
751,Album_wOkUx6Cz,454
752,Album_gerSaJSe,2
753,Album_EywBMf4z,246
754,Album_6ViVgn0H,269
755,Album_ZqCS7PIn,96
756,Album_7ItY7pCB,137
757,Album_u3wBsQEZ,436
758,Album_MXiCTkZA,31
759,Album_ORUxvhve,136
760,Album_bwijwh9W,181
761,Album_3KKk12YW,27
762,Album_JKzJB91D,380
763,Album_Wsny2tip,260
764,Album_2pQRczge,315
765,Album_wzcQpbzS,208
766,Album_joWnbhSp,342
767,Album_jk9vUEg7,235
768,Album_nUMJ3dfY,187
769,Album_InO7lmBj,294
770,Album_nZDIzmwe,139
771,Album_Xx2F8hOC,30
772,Album_xGYHU7vo,106
773,Album_E8ODLbfz,491
774,Album_yUbliz3s,39
775,Album_HzH5Zy0M,52
776,Album_jqqRbN4i,309
777,Album_khG2MhaA,9
778,Album_LNH5gr5O,471
779,Album_RlApmaw5,362
780,Album_lAmSwTv9,473
781,Album_Z7gBPvNt,294
782,Album_r44fEp8Q,108
783,Album_YrUGYMCN,138
784,Album_dg9CX3w6,306
785,Album_x5JIo0FQ,470
786,Album_vOuwMPkG,479
787,Album_ki85aOGO,107
788,Album_OAY4XAwe,79
789,Album_Zrfeh956,284
790,Album_UvjzQpAl,316
791,Album_rfLoahQn,129
792,Album_OshJeYno,491
793,Album_KnOfAfP7,334
794,Album_j8G0BXHo,215
795,Album_PjkgqdDX,333
796,Album_PiYb1ZnM,166
797,Album_d5i8PvXP,270
798,Album_1sl6dYjv,474
799,Album_FhJD5qsD,62
800,Album_t3D1MbLu,277
801,Album_bJN04T2h,239
802,Album_9Lupmi3H,295
803,Album_fATcwfbw,451
804,Album_mtqua7T6,252
805,Album_ZGZOLpZb,368
806,Album_CkmPjU8U,122
807,Album_qqzwBWMj,219
808,Album_m0FZVsDY,98
809,Album_lViVuGxo,112
810,Album_woQ6VMyH,394
811,Album_716C3Bnj,91
812,Album_KqkE9Jj5,174
813,Album_W3XIwR2k,262
814,Album_hI8vOZQS,307
815,Album_XOcqrEkM,185
816,Album_XS021tIF,241
817,Album_4p8MovXd,78
818,Album_1rxNnJYR,143
819,Album_riUBu2bO,413
820,Album_uXpBobpc,378
821,Album_5N7GFzv5,429
822,Album_nABgWazB,121
823,Album_br2ynpzW,70
824,Album_KTDNucg7,72
825,Album_I87LiZy3,146
826,Album_qfuHD1Hp,113
827,Album_PvIUwoYj,163
828,Album_Q0bHKiTe,418
829,Album_P0fmfxhi,180
830,Album_uQ7JNhBX,199
831,Album_n96ZNIuS,268
832,Album_y9b6BNPS,184
833,Album_V4uokiB3,334
834,Album_qZgpuH6h,476
835,Album_p5umwhi8,168
836,Album_eiA8h1zj,140
837,Album_WGK55Zoi,279
838,Album_IAkILTyE,329
839,Album_vGbsQfqL,324
840,Album_pHIaS2R1,217
841,Album_1dBLN0Oo,351
842,Album_aSvTn6rW,421
843,Album_WXwwSDTs,370
844,Album_t9CddDDy,277
845,Album_enWY0Hbq,90
846,Album_vvpT6J8T,6
847,Album_TFCSFUrN,437
848,Album_fr4GvLWN,284
849,Album_Ob9PApfZ,331
850,Album_7jQ4XPNy,157
851,Album_ZhrVjCR5,496
852,Album_yV4qzvpy,369
853,Album_de5TTjfM,61
854,Album_74if2Z4n,243
855,Album_atgiHUM0,455
856,Album_gLTuC2C6,496
857,Album_BGifh0Nz,178
858,Album_8woZZegZ,336
859,Album_DuqDqPWV,41
860,Album_XJlVZycL,181
861,Album_VIZ6wYAe,135
862,Album_RLKmmya1,380
863,Album_MDVN9chF,16
864,Album_Mf2gOuEf,200
865,Album_NIqA1u8N,444
866,Album_rOsjW6Kd,416
867,Album_0ssNK7VG,38
868,Album_SjzccQzv,56
869,Album_SJ7gEy9W,444
870,Album_OcFbotJA,203
871,Album_MzlN39af,377
872,Album_C5IKzczE,174
873,Album_UDeV9R4X,198
874,Album_vnkzFRXd,484
875,Album_l93HaH0y,430
876,Album_p0ByBc5c,291
877,Album_KlGqRvAP,46
878,Album_y6nxM1j5,238
879,Album_78s6y5JR,229
880,Album_701GoN4p,397
881,Album_CmxUKWQx,493
882,Album_HoUC3mKR,310
883,Album_BkGh7LRz,41
884,Album_coUDFoLn,359
885,Album_Ertdflyy,487
886,Album_TZaPhvxL,399
887,Album_esIJvwwj,320
888,Album_QiBusmrR,493
889,Album_zo81GjWc,38
890,Album_tDL8GYqd,31
891,Album_cnuVP9u3,37
892,Album_YCWPFkw5,128
893,Album_OGlYViwP,170
894,Album_eNX8EXkX,150
895,Album_h6yoLirt,382
896,Album_oCqqTHsH,244
897,Album_aVRcLsne,171
898,Album_wRXgZNCW,179
899,Album_sCD2EovE,47
900,Album_NzlDvm7e,82
901,Album_rHIU5hDS,60
902,Album_sce84lig,292
903,Album_kSor3p8E,345
904,Album_nD4E6QmT,262
905,Album_Tseb6S2n,124
906,Album_AGe85sc3,66
907,Album_0WYomb2I,160
908,Album_gfyT2m8O,106
909,Album_BHJq2kv8,104
910,Album_1b1Fgqw3,377
911,Album_sTIx67Hd,170
912,Album_BotQ8O1R,87
913,Album_TptOGLxl,228
914,Album_WbCHJ6Xa,119
915,Album_enJU6YNq,244
916,Album_shPgMHyj,486
917,Album_36Dn9BCM,266
918,Album_2eI8DIjg,231
919,Album_89WBvfe5,141
920,Album_U7MLGJCI,268
921,Album_de4LZWq3,201
922,Album_FRUmAx0E,29
923,Album_1E9UjwGk,98
924,Album_GW5x5g8M,119
925,Album_QK2FovfG,461
926,Album_Cup0poOn,265
927,Album_e2KJks91,344
928,Album_SupQ6GBL,273
929,Album_xShP7WT3,50
930,Album_SpZeBPl5,439
931,Album_DsGDOfG0,107
932,Album_gbAQMHHz,23
933,Album_gsXnEnul,413
934,Album_DSM31Fm9,22
935,Album_vkLEHSo5,433
936,Album_h7cZcrqz,147
937,Album_BQG07s1g,212
938,Album_7wnxSMK4,115
939,Album_6eAt9uhF,159
940,Album_wac6tC9w,65
941,Album_IwF3SmCi,234
942,Album_PUJI6tMU,110
943,Album_1hfoNhal,295
944,Album_zOnyB60d,398
945,Album_xfJGmfps,23
946,Album_kbrXUkVo,381
947,Album_oHOcYqHe,335
948,Album_1Klesa4r,175
949,Album_SRHmeM90,216
950,Album_ZWkljLeu,446
951,Album_ITgB3c0h,488
952,Album_RiTOFtNW,90
953,Album_G8YxD8fB,115
954,Album_xc1jZMzg,324
955,Album_7BPe61TS,79
956,Album_lHzf12Ge,310
957,Album_F7qpDHZ7,268
958,Album_06SiOarw,487
959,Album_HHnVju23,414
960,Album_QsFpA3EL,57
961,Album_SC7VoGeI,180
962,Album_i7KxjXqK,74
963,Album_QUdBHVYd,356
964,Album_4cy0GZmf,105
965,Album_dCeYQIXe,412
966,Album_TjpD67Ag,219
967,Album_jPBNnU7h,178
968,Album_75yy5DOQ,436
969,Album_pAhcnZO5,221
970,Album_OvtMzDmJ,283
971,Album_jrEjZaTN,148
972,Album_ZMc5futk,325
973,Album_w5lLJz08,138
974,Album_ZsDvDQMY,410
975,Album_2aiKzQkY,176
976,Album_MAhDIHvA,483
977,Album_N0K3zIyu,65
978,Album_j8URzZ0F,320
979,Album_qwJkqsHH,267
980,Album_3ty9Y2r1,227
981,Album_E8ljfTQf,124
982,Album_Z3QZEgyS,66
983,Album_TG6YRZIt,222
984,Album_DLIN3DeR,378
985,Album_RHCKVmdR,364
986,Album_ge4Lt0WT,146
987,Album_QU8z1k8A,150
988,Album_NK7ruLpN,456
989,Album_IQRY18Oo,489
990,Album_jqXMVkd7,231
991,Album_r51iuSSq,315
992,Album_291W8Suj,199
993,Album_EuvI7oOP,106
994,Album_FW8Ez99D,229
995,Album_Mf1DPji2,341
996,Album_qALBwI7k,292
997,Album_hUZbHWKa,7
998,Album_8z8vFt9X,380
999,Album_46W2msqE,185
1000,Album_pth8Tia2,467
